Shader Name,Compiled,Graphics API,Stage,Pass Type,Pass Name,Keywords,Platform Keywords,Requirements
"Hidden/BlitCopy","True","D3D","Vertex","Normal","Pass 0","<no keywords>","UNITY_ENABLE_REFLECTION_BUFFERS, UNITY_USE_DITHER_MASK_FOR_ALPHABLENDED_SHADOWS, UNITY_PBS_USE_BRDF1, UNITY_SPECCUBE_BOX_PROJECTION, UNITY_SPECCUBE_BLENDING, UNITY_ENABLE_DETAIL_NORMALMAP, SHADER_API_DESKTOP, UNITY_LIGHT_PROBE_PROXY_VOLUME, UNITY_LIGHTMAP_RGBM_ENCODING","BaseShaders, Derivatives"
"Hidden/BlitCopy","True","D3D","Fragment","Normal","Pass 0","<no keywords>","UNITY_ENABLE_REFLECTION_BUFFERS, UNITY_USE_DITHER_MASK_FOR_ALPHABLENDED_SHADOWS, UNITY_PBS_USE_BRDF1, UNITY_SPECCUBE_BOX_PROJECTION, UNITY_SPECCUBE_BLENDING, UNITY_ENABLE_DETAIL_NORMALMAP, SHADER_API_DESKTOP, UNITY_LIGHT_PROBE_PROXY_VOLUME, UNITY_LIGHTMAP_RGBM_ENCODING","BaseShaders, Derivatives"
"Hidden/Internal-GUITexture","True","D3D","Vertex","Normal","Pass 0","<no keywords>","UNITY_ENABLE_REFLECTION_BUFFERS, UNITY_USE_DITHER_MASK_FOR_ALPHABLENDED_SHADOWS, UNITY_PBS_USE_BRDF1, UNITY_SPECCUBE_BOX_PROJECTION, UNITY_SPECCUBE_BLENDING, UNITY_ENABLE_DETAIL_NORMALMAP, SHADER_API_DESKTOP, UNITY_LIGHT_PROBE_PROXY_VOLUME, UNITY_LIGHTMAP_RGBM_ENCODING","BaseShaders"
"Hidden/Internal-GUITexture","True","D3D","Fragment","Normal","Pass 0","<no keywords>","UNITY_ENABLE_REFLECTION_BUFFERS, UNITY_USE_DITHER_MASK_FOR_ALPHABLENDED_SHADOWS, UNITY_PBS_USE_BRDF1, UNITY_SPECCUBE_BOX_PROJECTION, UNITY_SPECCUBE_BLENDING, UNITY_ENABLE_DETAIL_NORMALMAP, SHADER_API_DESKTOP, UNITY_LIGHT_PROBE_PROXY_VOLUME, UNITY_LIGHTMAP_RGBM_ENCODING","BaseShaders"
"Hidden/Internal-GUITexture","True","D3D","Vertex","Normal","Pass 0","<no keywords>","UNITY_ENABLE_REFLECTION_BUFFERS, UNITY_USE_DITHER_MASK_FOR_ALPHABLENDED_SHADOWS, UNITY_PBS_USE_BRDF1, UNITY_SPECCUBE_BOX_PROJECTION, UNITY_SPECCUBE_BLENDING, UNITY_ENABLE_DETAIL_NORMALMAP, SHADER_API_DESKTOP, UNITY_LIGHT_PROBE_PROXY_VOLUME, UNITY_LIGHTMAP_RGBM_ENCODING","BaseShaders"
"Hidden/Internal-GUITexture","True","D3D","Fragment","Normal","Pass 0","<no keywords>","UNITY_ENABLE_REFLECTION_BUFFERS, UNITY_USE_DITHER_MASK_FOR_ALPHABLENDED_SHADOWS, UNITY_PBS_USE_BRDF1, UNITY_SPECCUBE_BOX_PROJECTION, UNITY_SPECCUBE_BLENDING, UNITY_ENABLE_DETAIL_NORMALMAP, SHADER_API_DESKTOP, UNITY_LIGHT_PROBE_PROXY_VOLUME, UNITY_LIGHTMAP_RGBM_ENCODING","BaseShaders"
"Hidden/Internal-GUITextureClip","True","D3D","Vertex","Normal","Pass 0","<no keywords>","UNITY_ENABLE_REFLECTION_BUFFERS, UNITY_USE_DITHER_MASK_FOR_ALPHABLENDED_SHADOWS, UNITY_PBS_USE_BRDF1, UNITY_SPECCUBE_BOX_PROJECTION, UNITY_SPECCUBE_BLENDING, UNITY_ENABLE_DETAIL_NORMALMAP, SHADER_API_DESKTOP, UNITY_LIGHT_PROBE_PROXY_VOLUME, UNITY_LIGHTMAP_RGBM_ENCODING","BaseShaders"
"Hidden/Internal-GUITextureClip","True","D3D","Fragment","Normal","Pass 0","<no keywords>","UNITY_ENABLE_REFLECTION_BUFFERS, UNITY_USE_DITHER_MASK_FOR_ALPHABLENDED_SHADOWS, UNITY_PBS_USE_BRDF1, UNITY_SPECCUBE_BOX_PROJECTION, UNITY_SPECCUBE_BLENDING, UNITY_ENABLE_DETAIL_NORMALMAP, SHADER_API_DESKTOP, UNITY_LIGHT_PROBE_PROXY_VOLUME, UNITY_LIGHTMAP_RGBM_ENCODING","BaseShaders"
"Hidden/Internal-GUITextureClip","True","D3D","Vertex","Normal","Pass 0","<no keywords>","UNITY_ENABLE_REFLECTION_BUFFERS, UNITY_USE_DITHER_MASK_FOR_ALPHABLENDED_SHADOWS, UNITY_PBS_USE_BRDF1, UNITY_SPECCUBE_BOX_PROJECTION, UNITY_SPECCUBE_BLENDING, UNITY_ENABLE_DETAIL_NORMALMAP, SHADER_API_DESKTOP, UNITY_LIGHT_PROBE_PROXY_VOLUME, UNITY_LIGHTMAP_RGBM_ENCODING","BaseShaders"
"Hidden/Internal-GUITextureClip","True","D3D","Fragment","Normal","Pass 0","<no keywords>","UNITY_ENABLE_REFLECTION_BUFFERS, UNITY_USE_DITHER_MASK_FOR_ALPHABLENDED_SHADOWS, UNITY_PBS_USE_BRDF1, UNITY_SPECCUBE_BOX_PROJECTION, UNITY_SPECCUBE_BLENDING, UNITY_ENABLE_DETAIL_NORMALMAP, SHADER_API_DESKTOP, UNITY_LIGHT_PROBE_PROXY_VOLUME, UNITY_LIGHTMAP_RGBM_ENCODING","BaseShaders"
"Hidden/Internal-GUITextureClipText","True","D3D","Vertex","Normal","Pass 0","<no keywords>","UNITY_ENABLE_REFLECTION_BUFFERS, UNITY_USE_DITHER_MASK_FOR_ALPHABLENDED_SHADOWS, UNITY_PBS_USE_BRDF1, UNITY_SPECCUBE_BOX_PROJECTION, UNITY_SPECCUBE_BLENDING, UNITY_ENABLE_DETAIL_NORMALMAP, SHADER_API_DESKTOP, UNITY_LIGHT_PROBE_PROXY_VOLUME, UNITY_LIGHTMAP_RGBM_ENCODING","BaseShaders"
"Hidden/Internal-GUITextureClipText","True","D3D","Fragment","Normal","Pass 0","<no keywords>","UNITY_ENABLE_REFLECTION_BUFFERS, UNITY_USE_DITHER_MASK_FOR_ALPHABLENDED_SHADOWS, UNITY_PBS_USE_BRDF1, UNITY_SPECCUBE_BOX_PROJECTION, UNITY_SPECCUBE_BLENDING, UNITY_ENABLE_DETAIL_NORMALMAP, SHADER_API_DESKTOP, UNITY_LIGHT_PROBE_PROXY_VOLUME, UNITY_LIGHTMAP_RGBM_ENCODING","BaseShaders"
"Hidden/Internal-GUITextureClipText","True","D3D","Vertex","Normal","Pass 0","<no keywords>","UNITY_ENABLE_REFLECTION_BUFFERS, UNITY_USE_DITHER_MASK_FOR_ALPHABLENDED_SHADOWS, UNITY_PBS_USE_BRDF1, UNITY_SPECCUBE_BOX_PROJECTION, UNITY_SPECCUBE_BLENDING, UNITY_ENABLE_DETAIL_NORMALMAP, SHADER_API_DESKTOP, UNITY_LIGHT_PROBE_PROXY_VOLUME, UNITY_LIGHTMAP_RGBM_ENCODING","BaseShaders"
"Hidden/Internal-GUITextureClipText","True","D3D","Fragment","Normal","Pass 0","<no keywords>","UNITY_ENABLE_REFLECTION_BUFFERS, UNITY_USE_DITHER_MASK_FOR_ALPHABLENDED_SHADOWS, UNITY_PBS_USE_BRDF1, UNITY_SPECCUBE_BOX_PROJECTION, UNITY_SPECCUBE_BLENDING, UNITY_ENABLE_DETAIL_NORMALMAP, SHADER_API_DESKTOP, UNITY_LIGHT_PROBE_PROXY_VOLUME, UNITY_LIGHTMAP_RGBM_ENCODING","BaseShaders"
"Hidden/Universal Render Pipeline/Bloom","True","D3D","Vertex","Normal","Bloom Prefilter","<no keywords>","UNITY_ENABLE_REFLECTION_BUFFERS, UNITY_USE_DITHER_MASK_FOR_ALPHABLENDED_SHADOWS, UNITY_PBS_USE_BRDF1, UNITY_SPECCUBE_BOX_PROJECTION, UNITY_SPECCUBE_BLENDING, UNITY_ENABLE_DETAIL_NORMALMAP, SHADER_API_DESKTOP, UNITY_LIGHT_PROBE_PROXY_VOLUME, UNITY_LIGHTMAP_RGBM_ENCODING","BaseShaders, Derivatives"
"Hidden/Universal Render Pipeline/Bloom","True","D3D","Fragment","Normal","Bloom Prefilter","<no keywords>","UNITY_ENABLE_REFLECTION_BUFFERS, UNITY_USE_DITHER_MASK_FOR_ALPHABLENDED_SHADOWS, UNITY_PBS_USE_BRDF1, UNITY_SPECCUBE_BOX_PROJECTION, UNITY_SPECCUBE_BLENDING, UNITY_ENABLE_DETAIL_NORMALMAP, SHADER_API_DESKTOP, UNITY_LIGHT_PROBE_PROXY_VOLUME, UNITY_LIGHTMAP_RGBM_ENCODING","BaseShaders, Derivatives"
"Hidden/Universal Render Pipeline/Bloom","True","D3D","Vertex","Normal","Bloom Blur Horizontal","<no keywords>","UNITY_ENABLE_REFLECTION_BUFFERS, UNITY_USE_DITHER_MASK_FOR_ALPHABLENDED_SHADOWS, UNITY_PBS_USE_BRDF1, UNITY_SPECCUBE_BOX_PROJECTION, UNITY_SPECCUBE_BLENDING, UNITY_ENABLE_DETAIL_NORMALMAP, SHADER_API_DESKTOP, UNITY_LIGHT_PROBE_PROXY_VOLUME, UNITY_LIGHTMAP_RGBM_ENCODING","BaseShaders, Derivatives"
"Hidden/Universal Render Pipeline/Bloom","True","D3D","Fragment","Normal","Bloom Blur Horizontal","<no keywords>","UNITY_ENABLE_REFLECTION_BUFFERS, UNITY_USE_DITHER_MASK_FOR_ALPHABLENDED_SHADOWS, UNITY_PBS_USE_BRDF1, UNITY_SPECCUBE_BOX_PROJECTION, UNITY_SPECCUBE_BLENDING, UNITY_ENABLE_DETAIL_NORMALMAP, SHADER_API_DESKTOP, UNITY_LIGHT_PROBE_PROXY_VOLUME, UNITY_LIGHTMAP_RGBM_ENCODING","BaseShaders, Derivatives"
"Hidden/Universal Render Pipeline/Bloom","True","D3D","Vertex","Normal","Bloom Blur Vertical","<no keywords>","UNITY_ENABLE_REFLECTION_BUFFERS, UNITY_USE_DITHER_MASK_FOR_ALPHABLENDED_SHADOWS, UNITY_PBS_USE_BRDF1, UNITY_SPECCUBE_BOX_PROJECTION, UNITY_SPECCUBE_BLENDING, UNITY_ENABLE_DETAIL_NORMALMAP, SHADER_API_DESKTOP, UNITY_LIGHT_PROBE_PROXY_VOLUME, UNITY_LIGHTMAP_RGBM_ENCODING","BaseShaders, Derivatives"
"Hidden/Universal Render Pipeline/Bloom","True","D3D","Fragment","Normal","Bloom Blur Vertical","<no keywords>","UNITY_ENABLE_REFLECTION_BUFFERS, UNITY_USE_DITHER_MASK_FOR_ALPHABLENDED_SHADOWS, UNITY_PBS_USE_BRDF1, UNITY_SPECCUBE_BOX_PROJECTION, UNITY_SPECCUBE_BLENDING, UNITY_ENABLE_DETAIL_NORMALMAP, SHADER_API_DESKTOP, UNITY_LIGHT_PROBE_PROXY_VOLUME, UNITY_LIGHTMAP_RGBM_ENCODING","BaseShaders, Derivatives"
"Hidden/Universal Render Pipeline/Bloom","True","D3D","Vertex","Normal","Bloom Upsample","<no keywords>","UNITY_ENABLE_REFLECTION_BUFFERS, UNITY_USE_DITHER_MASK_FOR_ALPHABLENDED_SHADOWS, UNITY_PBS_USE_BRDF1, UNITY_SPECCUBE_BOX_PROJECTION, UNITY_SPECCUBE_BLENDING, UNITY_ENABLE_DETAIL_NORMALMAP, SHADER_API_DESKTOP, UNITY_LIGHT_PROBE_PROXY_VOLUME, UNITY_LIGHTMAP_RGBM_ENCODING","BaseShaders, Derivatives"
"Hidden/Universal Render Pipeline/Bloom","True","D3D","Fragment","Normal","Bloom Upsample","<no keywords>","UNITY_ENABLE_REFLECTION_BUFFERS, UNITY_USE_DITHER_MASK_FOR_ALPHABLENDED_SHADOWS, UNITY_PBS_USE_BRDF1, UNITY_SPECCUBE_BOX_PROJECTION, UNITY_SPECCUBE_BLENDING, UNITY_ENABLE_DETAIL_NORMALMAP, SHADER_API_DESKTOP, UNITY_LIGHT_PROBE_PROXY_VOLUME, UNITY_LIGHTMAP_RGBM_ENCODING","BaseShaders, Derivatives"
"Hidden/Universal Render Pipeline/FinalPost","True","D3D","Vertex","Normal","FinalPost","<no keywords>","UNITY_ENABLE_REFLECTION_BUFFERS, UNITY_USE_DITHER_MASK_FOR_ALPHABLENDED_SHADOWS, UNITY_PBS_USE_BRDF1, UNITY_SPECCUBE_BOX_PROJECTION, UNITY_SPECCUBE_BLENDING, UNITY_ENABLE_DETAIL_NORMALMAP, SHADER_API_DESKTOP, UNITY_LIGHT_PROBE_PROXY_VOLUME, UNITY_LIGHTMAP_RGBM_ENCODING","BaseShaders, Derivatives"
"Hidden/Universal Render Pipeline/FinalPost","True","D3D","Fragment","Normal","FinalPost","_FXAA","UNITY_ENABLE_REFLECTION_BUFFERS, UNITY_USE_DITHER_MASK_FOR_ALPHABLENDED_SHADOWS, UNITY_PBS_USE_BRDF1, UNITY_SPECCUBE_BOX_PROJECTION, UNITY_SPECCUBE_BLENDING, UNITY_ENABLE_DETAIL_NORMALMAP, SHADER_API_DESKTOP, UNITY_LIGHT_PROBE_PROXY_VOLUME, UNITY_LIGHTMAP_RGBM_ENCODING","BaseShaders, Derivatives"
"Hidden/Universal Render Pipeline/LutBuilderLdr","True","D3D","Vertex","Normal","LutBuilderLdr","<no keywords>","UNITY_ENABLE_REFLECTION_BUFFERS, UNITY_USE_DITHER_MASK_FOR_ALPHABLENDED_SHADOWS, UNITY_PBS_USE_BRDF1, UNITY_SPECCUBE_BOX_PROJECTION, UNITY_SPECCUBE_BLENDING, UNITY_ENABLE_DETAIL_NORMALMAP, SHADER_API_DESKTOP, UNITY_LIGHT_PROBE_PROXY_VOLUME, UNITY_LIGHTMAP_RGBM_ENCODING","BaseShaders, Derivatives"
"Hidden/Universal Render Pipeline/LutBuilderLdr","True","D3D","Fragment","Normal","LutBuilderLdr","<no keywords>","UNITY_ENABLE_REFLECTION_BUFFERS, UNITY_USE_DITHER_MASK_FOR_ALPHABLENDED_SHADOWS, UNITY_PBS_USE_BRDF1, UNITY_SPECCUBE_BOX_PROJECTION, UNITY_SPECCUBE_BLENDING, UNITY_ENABLE_DETAIL_NORMALMAP, SHADER_API_DESKTOP, UNITY_LIGHT_PROBE_PROXY_VOLUME, UNITY_LIGHTMAP_RGBM_ENCODING","BaseShaders, Derivatives"
"Hidden/Universal Render Pipeline/Stop NaN","True","D3D","Vertex","Normal","Stop NaN","<no keywords>","UNITY_ENABLE_REFLECTION_BUFFERS, UNITY_USE_DITHER_MASK_FOR_ALPHABLENDED_SHADOWS, UNITY_PBS_USE_BRDF1, UNITY_SPECCUBE_BOX_PROJECTION, UNITY_SPECCUBE_BLENDING, UNITY_ENABLE_DETAIL_NORMALMAP, SHADER_API_DESKTOP, UNITY_LIGHT_PROBE_PROXY_VOLUME, UNITY_LIGHTMAP_RGBM_ENCODING","BaseShaders, Interpolators10, MRT4, Derivatives, SampleLOD, FragCoord, FragClipDepth, Interpolators15Integers, Texture2DArray, Instancing"
"Hidden/Universal Render Pipeline/Stop NaN","True","D3D","Fragment","Normal","Stop NaN","<no keywords>","UNITY_ENABLE_REFLECTION_BUFFERS, UNITY_USE_DITHER_MASK_FOR_ALPHABLENDED_SHADOWS, UNITY_PBS_USE_BRDF1, UNITY_SPECCUBE_BOX_PROJECTION, UNITY_SPECCUBE_BLENDING, UNITY_ENABLE_DETAIL_NORMALMAP, SHADER_API_DESKTOP, UNITY_LIGHT_PROBE_PROXY_VOLUME, UNITY_LIGHTMAP_RGBM_ENCODING","BaseShaders, Interpolators10, MRT4, Derivatives, SampleLOD, FragCoord, FragClipDepth, Interpolators15Integers, Texture2DArray, Instancing"
"Hidden/Universal Render Pipeline/UberPost","True","D3D","Vertex","Normal","UberPost","<no keywords>","UNITY_ENABLE_REFLECTION_BUFFERS, UNITY_USE_DITHER_MASK_FOR_ALPHABLENDED_SHADOWS, UNITY_PBS_USE_BRDF1, UNITY_SPECCUBE_BOX_PROJECTION, UNITY_SPECCUBE_BLENDING, UNITY_ENABLE_DETAIL_NORMALMAP, SHADER_API_DESKTOP, UNITY_LIGHT_PROBE_PROXY_VOLUME, UNITY_LIGHTMAP_RGBM_ENCODING","BaseShaders, Derivatives"
"Hidden/Universal Render Pipeline/UberPost","True","D3D","Fragment","Normal","UberPost","_BLOOM_LQ, _TONEMAP_ACES","UNITY_ENABLE_REFLECTION_BUFFERS, UNITY_USE_DITHER_MASK_FOR_ALPHABLENDED_SHADOWS, UNITY_PBS_USE_BRDF1, UNITY_SPECCUBE_BOX_PROJECTION, UNITY_SPECCUBE_BLENDING, UNITY_ENABLE_DETAIL_NORMALMAP, SHADER_API_DESKTOP, UNITY_LIGHT_PROBE_PROXY_VOLUME, UNITY_LIGHTMAP_RGBM_ENCODING","BaseShaders, Derivatives"
"Paint1G_WAnim_Shader","True","D3D","Vertex","ScriptableRenderPipeline","Universal Forward","_MAIN_LIGHT_SHADOWS_CASCADE, _ADDITIONAL_LIGHTS, _ADDITIONAL_LIGHT_SHADOWS, _SHADOWS_SOFT, FOG_EXP2","UNITY_ENABLE_REFLECTION_BUFFERS, UNITY_USE_DITHER_MASK_FOR_ALPHABLENDED_SHADOWS, UNITY_PBS_USE_BRDF1, UNITY_SPECCUBE_BOX_PROJECTION, UNITY_SPECCUBE_BLENDING, UNITY_ENABLE_DETAIL_NORMALMAP, SHADER_API_DESKTOP, UNITY_LIGHT_PROBE_PROXY_VOLUME, UNITY_LIGHTMAP_RGBM_ENCODING","BaseShaders, Interpolators10, MRT4, Derivatives, SampleLOD, FragCoord, FragClipDepth, Interpolators15Integers, Texture2DArray, Instancing, Compute, RandomWrite, MSAATextureSamples"
"Paint1G_WAnim_Shader","True","D3D","Fragment","ScriptableRenderPipeline","Universal Forward","_MAIN_LIGHT_SHADOWS_CASCADE, _ADDITIONAL_LIGHTS, _ADDITIONAL_LIGHT_SHADOWS, _SHADOWS_SOFT, FOG_EXP2","UNITY_ENABLE_REFLECTION_BUFFERS, UNITY_USE_DITHER_MASK_FOR_ALPHABLENDED_SHADOWS, UNITY_PBS_USE_BRDF1, UNITY_SPECCUBE_BOX_PROJECTION, UNITY_SPECCUBE_BLENDING, UNITY_ENABLE_DETAIL_NORMALMAP, SHADER_API_DESKTOP, UNITY_LIGHT_PROBE_PROXY_VOLUME, UNITY_LIGHTMAP_RGBM_ENCODING","BaseShaders, Interpolators10, MRT4, Derivatives, SampleLOD, FragCoord, FragClipDepth, Interpolators15Integers, Texture2DArray, Instancing, Compute, RandomWrite, MSAATextureSamples"
"Paint1G_WAnim_Shader","True","D3D","Vertex","ShadowCaster","ShadowCaster","<no keywords>","UNITY_ENABLE_REFLECTION_BUFFERS, UNITY_USE_DITHER_MASK_FOR_ALPHABLENDED_SHADOWS, UNITY_PBS_USE_BRDF1, UNITY_SPECCUBE_BOX_PROJECTION, UNITY_SPECCUBE_BLENDING, UNITY_ENABLE_DETAIL_NORMALMAP, SHADER_API_DESKTOP, UNITY_LIGHT_PROBE_PROXY_VOLUME, UNITY_LIGHTMAP_RGBM_ENCODING","BaseShaders, Interpolators10, MRT4, Derivatives, SampleLOD, FragCoord, FragClipDepth, Interpolators15Integers, Texture2DArray, Instancing, Compute, RandomWrite, MSAATextureSamples"
"Paint1G_WAnim_Shader","True","D3D","Vertex","ShadowCaster","ShadowCaster","_CASTING_PUNCTUAL_LIGHT_SHADOW","UNITY_ENABLE_REFLECTION_BUFFERS, UNITY_USE_DITHER_MASK_FOR_ALPHABLENDED_SHADOWS, UNITY_PBS_USE_BRDF1, UNITY_SPECCUBE_BOX_PROJECTION, UNITY_SPECCUBE_BLENDING, UNITY_ENABLE_DETAIL_NORMALMAP, SHADER_API_DESKTOP, UNITY_LIGHT_PROBE_PROXY_VOLUME, UNITY_LIGHTMAP_RGBM_ENCODING","BaseShaders, Interpolators10, MRT4, Derivatives, SampleLOD, FragCoord, FragClipDepth, Interpolators15Integers, Texture2DArray, Instancing, Compute, RandomWrite, MSAATextureSamples"
"Paint1G_WAnim_Shader","True","D3D","Fragment","ShadowCaster","ShadowCaster","<no keywords>","UNITY_ENABLE_REFLECTION_BUFFERS, UNITY_USE_DITHER_MASK_FOR_ALPHABLENDED_SHADOWS, UNITY_PBS_USE_BRDF1, UNITY_SPECCUBE_BOX_PROJECTION, UNITY_SPECCUBE_BLENDING, UNITY_ENABLE_DETAIL_NORMALMAP, SHADER_API_DESKTOP, UNITY_LIGHT_PROBE_PROXY_VOLUME, UNITY_LIGHTMAP_RGBM_ENCODING","BaseShaders, Interpolators10, MRT4, Derivatives, SampleLOD, FragCoord, FragClipDepth, Interpolators15Integers, Texture2DArray, Instancing, Compute, RandomWrite, MSAATextureSamples"
"Paint1G_WAnim_Shader","True","D3D","Fragment","ShadowCaster","ShadowCaster","_CASTING_PUNCTUAL_LIGHT_SHADOW","UNITY_ENABLE_REFLECTION_BUFFERS, UNITY_USE_DITHER_MASK_FOR_ALPHABLENDED_SHADOWS, UNITY_PBS_USE_BRDF1, UNITY_SPECCUBE_BOX_PROJECTION, UNITY_SPECCUBE_BLENDING, UNITY_ENABLE_DETAIL_NORMALMAP, SHADER_API_DESKTOP, UNITY_LIGHT_PROBE_PROXY_VOLUME, UNITY_LIGHTMAP_RGBM_ENCODING","BaseShaders, Interpolators10, MRT4, Derivatives, SampleLOD, FragCoord, FragClipDepth, Interpolators15Integers, Texture2DArray, Instancing, Compute, RandomWrite, MSAATextureSamples"
"Paint1G_WAnim_Shader","True","D3D","Vertex","ScriptableRenderPipeline","Universal Forward","_MAIN_LIGHT_SHADOWS_CASCADE, _ADDITIONAL_LIGHTS, _ADDITIONAL_LIGHT_SHADOWS, _SHADOWS_SOFT, FOG_EXP2","UNITY_ENABLE_REFLECTION_BUFFERS, UNITY_USE_DITHER_MASK_FOR_ALPHABLENDED_SHADOWS, UNITY_PBS_USE_BRDF1, UNITY_SPECCUBE_BOX_PROJECTION, UNITY_SPECCUBE_BLENDING, UNITY_ENABLE_DETAIL_NORMALMAP, SHADER_API_DESKTOP, UNITY_LIGHT_PROBE_PROXY_VOLUME, UNITY_LIGHTMAP_RGBM_ENCODING","BaseShaders"
"Paint1G_WAnim_Shader","True","D3D","Fragment","ScriptableRenderPipeline","Universal Forward","_MAIN_LIGHT_SHADOWS_CASCADE, _ADDITIONAL_LIGHTS, _ADDITIONAL_LIGHT_SHADOWS, _SHADOWS_SOFT, FOG_EXP2","UNITY_ENABLE_REFLECTION_BUFFERS, UNITY_USE_DITHER_MASK_FOR_ALPHABLENDED_SHADOWS, UNITY_PBS_USE_BRDF1, UNITY_SPECCUBE_BOX_PROJECTION, UNITY_SPECCUBE_BLENDING, UNITY_ENABLE_DETAIL_NORMALMAP, SHADER_API_DESKTOP, UNITY_LIGHT_PROBE_PROXY_VOLUME, UNITY_LIGHTMAP_RGBM_ENCODING","BaseShaders"
"Paint1G_WAnim_Shader","True","D3D","Vertex","ShadowCaster","ShadowCaster","<no keywords>","UNITY_ENABLE_REFLECTION_BUFFERS, UNITY_USE_DITHER_MASK_FOR_ALPHABLENDED_SHADOWS, UNITY_PBS_USE_BRDF1, UNITY_SPECCUBE_BOX_PROJECTION, UNITY_SPECCUBE_BLENDING, UNITY_ENABLE_DETAIL_NORMALMAP, SHADER_API_DESKTOP, UNITY_LIGHT_PROBE_PROXY_VOLUME, UNITY_LIGHTMAP_RGBM_ENCODING","BaseShaders"
"Paint1G_WAnim_Shader","True","D3D","Vertex","ShadowCaster","ShadowCaster","_CASTING_PUNCTUAL_LIGHT_SHADOW","UNITY_ENABLE_REFLECTION_BUFFERS, UNITY_USE_DITHER_MASK_FOR_ALPHABLENDED_SHADOWS, UNITY_PBS_USE_BRDF1, UNITY_SPECCUBE_BOX_PROJECTION, UNITY_SPECCUBE_BLENDING, UNITY_ENABLE_DETAIL_NORMALMAP, SHADER_API_DESKTOP, UNITY_LIGHT_PROBE_PROXY_VOLUME, UNITY_LIGHTMAP_RGBM_ENCODING","BaseShaders"
"Paint1G_WAnim_Shader","True","D3D","Fragment","ShadowCaster","ShadowCaster","<no keywords>","UNITY_ENABLE_REFLECTION_BUFFERS, UNITY_USE_DITHER_MASK_FOR_ALPHABLENDED_SHADOWS, UNITY_PBS_USE_BRDF1, UNITY_SPECCUBE_BOX_PROJECTION, UNITY_SPECCUBE_BLENDING, UNITY_ENABLE_DETAIL_NORMALMAP, SHADER_API_DESKTOP, UNITY_LIGHT_PROBE_PROXY_VOLUME, UNITY_LIGHTMAP_RGBM_ENCODING","BaseShaders"
"Paint1G_WAnim_Shader","True","D3D","Fragment","ShadowCaster","ShadowCaster","_CASTING_PUNCTUAL_LIGHT_SHADOW","UNITY_ENABLE_REFLECTION_BUFFERS, UNITY_USE_DITHER_MASK_FOR_ALPHABLENDED_SHADOWS, UNITY_PBS_USE_BRDF1, UNITY_SPECCUBE_BOX_PROJECTION, UNITY_SPECCUBE_BLENDING, UNITY_ENABLE_DETAIL_NORMALMAP, SHADER_API_DESKTOP, UNITY_LIGHT_PROBE_PROXY_VOLUME, UNITY_LIGHTMAP_RGBM_ENCODING","BaseShaders"
"Skybox/Procedural","True","D3D","Vertex","Normal","Pass 0","_SUNDISK_HIGH_QUALITY","UNITY_ENABLE_REFLECTION_BUFFERS, UNITY_USE_DITHER_MASK_FOR_ALPHABLENDED_SHADOWS, UNITY_PBS_USE_BRDF1, UNITY_SPECCUBE_BOX_PROJECTION, UNITY_SPECCUBE_BLENDING, UNITY_ENABLE_DETAIL_NORMALMAP, SHADER_API_DESKTOP, UNITY_LIGHT_PROBE_PROXY_VOLUME, UNITY_LIGHTMAP_RGBM_ENCODING","BaseShaders, Derivatives"
"Skybox/Procedural","True","D3D","Fragment","Normal","Pass 0","_SUNDISK_HIGH_QUALITY","UNITY_ENABLE_REFLECTION_BUFFERS, UNITY_USE_DITHER_MASK_FOR_ALPHABLENDED_SHADOWS, UNITY_PBS_USE_BRDF1, UNITY_SPECCUBE_BOX_PROJECTION, UNITY_SPECCUBE_BLENDING, UNITY_ENABLE_DETAIL_NORMALMAP, SHADER_API_DESKTOP, UNITY_LIGHT_PROBE_PROXY_VOLUME, UNITY_LIGHTMAP_RGBM_ENCODING","BaseShaders, Derivatives"
"Sprites/Default","True","D3D","Vertex","Normal","Pass 0","<no keywords>","UNITY_ENABLE_REFLECTION_BUFFERS, UNITY_USE_DITHER_MASK_FOR_ALPHABLENDED_SHADOWS, UNITY_PBS_USE_BRDF1, UNITY_SPECCUBE_BOX_PROJECTION, UNITY_SPECCUBE_BLENDING, UNITY_ENABLE_DETAIL_NORMALMAP, SHADER_API_DESKTOP, UNITY_LIGHT_PROBE_PROXY_VOLUME, UNITY_LIGHTMAP_RGBM_ENCODING","BaseShaders"
"Sprites/Default","True","D3D","Fragment","Normal","Pass 0","<no keywords>","UNITY_ENABLE_REFLECTION_BUFFERS, UNITY_USE_DITHER_MASK_FOR_ALPHABLENDED_SHADOWS, UNITY_PBS_USE_BRDF1, UNITY_SPECCUBE_BOX_PROJECTION, UNITY_SPECCUBE_BLENDING, UNITY_ENABLE_DETAIL_NORMALMAP, SHADER_API_DESKTOP, UNITY_LIGHT_PROBE_PROXY_VOLUME, UNITY_LIGHTMAP_RGBM_ENCODING","BaseShaders"
"UI/Default","True","D3D","Vertex","Normal","Default","<no keywords>","UNITY_ENABLE_REFLECTION_BUFFERS, UNITY_USE_DITHER_MASK_FOR_ALPHABLENDED_SHADOWS, UNITY_PBS_USE_BRDF1, UNITY_SPECCUBE_BOX_PROJECTION, UNITY_SPECCUBE_BLENDING, UNITY_ENABLE_DETAIL_NORMALMAP, SHADER_API_DESKTOP, UNITY_LIGHT_PROBE_PROXY_VOLUME, UNITY_LIGHTMAP_RGBM_ENCODING","BaseShaders"
"UI/Default","True","D3D","Vertex","Normal","Default","UNITY_UI_ALPHACLIP","UNITY_ENABLE_REFLECTION_BUFFERS, UNITY_USE_DITHER_MASK_FOR_ALPHABLENDED_SHADOWS, UNITY_PBS_USE_BRDF1, UNITY_SPECCUBE_BOX_PROJECTION, UNITY_SPECCUBE_BLENDING, UNITY_ENABLE_DETAIL_NORMALMAP, SHADER_API_DESKTOP, UNITY_LIGHT_PROBE_PROXY_VOLUME, UNITY_LIGHTMAP_RGBM_ENCODING","BaseShaders"
"UI/Default","True","D3D","Fragment","Normal","Default","<no keywords>","UNITY_ENABLE_REFLECTION_BUFFERS, UNITY_USE_DITHER_MASK_FOR_ALPHABLENDED_SHADOWS, UNITY_PBS_USE_BRDF1, UNITY_SPECCUBE_BOX_PROJECTION, UNITY_SPECCUBE_BLENDING, UNITY_ENABLE_DETAIL_NORMALMAP, SHADER_API_DESKTOP, UNITY_LIGHT_PROBE_PROXY_VOLUME, UNITY_LIGHTMAP_RGBM_ENCODING","BaseShaders"
"UI/Default","True","D3D","Fragment","Normal","Default","UNITY_UI_ALPHACLIP","UNITY_ENABLE_REFLECTION_BUFFERS, UNITY_USE_DITHER_MASK_FOR_ALPHABLENDED_SHADOWS, UNITY_PBS_USE_BRDF1, UNITY_SPECCUBE_BOX_PROJECTION, UNITY_SPECCUBE_BLENDING, UNITY_ENABLE_DETAIL_NORMALMAP, SHADER_API_DESKTOP, UNITY_LIGHT_PROBE_PROXY_VOLUME, UNITY_LIGHTMAP_RGBM_ENCODING","BaseShaders"
"Universal Render Pipeline/Lit","True","D3D","Vertex","ScriptableRenderPipeline","ForwardLit","_MAIN_LIGHT_SHADOWS_CASCADE, _ADDITIONAL_LIGHTS, LIGHTMAP_ON, FOG_EXP2, _NORMALMAP","UNITY_ENABLE_REFLECTION_BUFFERS, UNITY_USE_DITHER_MASK_FOR_ALPHABLENDED_SHADOWS, UNITY_PBS_USE_BRDF1, UNITY_SPECCUBE_BOX_PROJECTION, UNITY_SPECCUBE_BLENDING, UNITY_ENABLE_DETAIL_NORMALMAP, SHADER_API_DESKTOP, UNITY_LIGHT_PROBE_PROXY_VOLUME, UNITY_LIGHTMAP_RGBM_ENCODING","BaseShaders, Interpolators10, MRT4, Derivatives, SampleLOD, FragCoord, FragClipDepth, Interpolators15Integers, Texture2DArray, Instancing, Compute, RandomWrite, MSAATextureSamples"
"Universal Render Pipeline/Lit","True","D3D","Vertex","ScriptableRenderPipeline","ForwardLit","_MAIN_LIGHT_SHADOWS_CASCADE, _ADDITIONAL_LIGHTS, FOG_EXP2, _NORMALMAP","UNITY_ENABLE_REFLECTION_BUFFERS, UNITY_USE_DITHER_MASK_FOR_ALPHABLENDED_SHADOWS, UNITY_PBS_USE_BRDF1, UNITY_SPECCUBE_BOX_PROJECTION, UNITY_SPECCUBE_BLENDING, UNITY_ENABLE_DETAIL_NORMALMAP, SHADER_API_DESKTOP, UNITY_LIGHT_PROBE_PROXY_VOLUME, UNITY_LIGHTMAP_RGBM_ENCODING","BaseShaders, Interpolators10, MRT4, Derivatives, SampleLOD, FragCoord, FragClipDepth, Interpolators15Integers, Texture2DArray, Instancing, Compute, RandomWrite, MSAATextureSamples"
"Universal Render Pipeline/Lit","True","D3D","Vertex","ScriptableRenderPipeline","ForwardLit","_MAIN_LIGHT_SHADOWS_CASCADE, _ADDITIONAL_LIGHTS, FOG_EXP2","UNITY_ENABLE_REFLECTION_BUFFERS, UNITY_USE_DITHER_MASK_FOR_ALPHABLENDED_SHADOWS, UNITY_PBS_USE_BRDF1, UNITY_SPECCUBE_BOX_PROJECTION, UNITY_SPECCUBE_BLENDING, UNITY_ENABLE_DETAIL_NORMALMAP, SHADER_API_DESKTOP, UNITY_LIGHT_PROBE_PROXY_VOLUME, UNITY_LIGHTMAP_RGBM_ENCODING","BaseShaders, Interpolators10, MRT4, Derivatives, SampleLOD, FragCoord, FragClipDepth, Interpolators15Integers, Texture2DArray, Instancing, Compute, RandomWrite, MSAATextureSamples"
"Universal Render Pipeline/Lit","True","D3D","Fragment","ScriptableRenderPipeline","ForwardLit","_MAIN_LIGHT_SHADOWS_CASCADE, _ADDITIONAL_LIGHTS, LIGHTMAP_ON, FOG_EXP2, _NORMALMAP, _ADDITIONAL_LIGHT_SHADOWS, _SHADOWS_SOFT, _METALLICSPECGLOSSMAP, _OCCLUSIONMAP","UNITY_ENABLE_REFLECTION_BUFFERS, UNITY_USE_DITHER_MASK_FOR_ALPHABLENDED_SHADOWS, UNITY_PBS_USE_BRDF1, UNITY_SPECCUBE_BOX_PROJECTION, UNITY_SPECCUBE_BLENDING, UNITY_ENABLE_DETAIL_NORMALMAP, SHADER_API_DESKTOP, UNITY_LIGHT_PROBE_PROXY_VOLUME, UNITY_LIGHTMAP_RGBM_ENCODING","BaseShaders, Interpolators10, MRT4, Derivatives, SampleLOD, FragCoord, FragClipDepth, Interpolators15Integers, Texture2DArray, Instancing, Compute, RandomWrite, MSAATextureSamples"
"Universal Render Pipeline/Lit","True","D3D","Fragment","ScriptableRenderPipeline","ForwardLit","_MAIN_LIGHT_SHADOWS_CASCADE, _ADDITIONAL_LIGHTS, LIGHTMAP_ON, FOG_EXP2, _NORMALMAP, _ADDITIONAL_LIGHT_SHADOWS, _SHADOWS_SOFT, _SMOOTHNESS_TEXTURE_ALBEDO_CHANNEL_A","UNITY_ENABLE_REFLECTION_BUFFERS, UNITY_USE_DITHER_MASK_FOR_ALPHABLENDED_SHADOWS, UNITY_PBS_USE_BRDF1, UNITY_SPECCUBE_BOX_PROJECTION, UNITY_SPECCUBE_BLENDING, UNITY_ENABLE_DETAIL_NORMALMAP, SHADER_API_DESKTOP, UNITY_LIGHT_PROBE_PROXY_VOLUME, UNITY_LIGHTMAP_RGBM_ENCODING","BaseShaders, Interpolators10, MRT4, Derivatives, SampleLOD, FragCoord, FragClipDepth, Interpolators15Integers, Texture2DArray, Instancing, Compute, RandomWrite, MSAATextureSamples"
"Universal Render Pipeline/Lit","True","D3D","Fragment","ScriptableRenderPipeline","ForwardLit","_MAIN_LIGHT_SHADOWS_CASCADE, _ADDITIONAL_LIGHTS, LIGHTMAP_ON, FOG_EXP2, _NORMALMAP, _ADDITIONAL_LIGHT_SHADOWS, _SHADOWS_SOFT, _METALLICSPECGLOSSMAP","UNITY_ENABLE_REFLECTION_BUFFERS, UNITY_USE_DITHER_MASK_FOR_ALPHABLENDED_SHADOWS, UNITY_PBS_USE_BRDF1, UNITY_SPECCUBE_BOX_PROJECTION, UNITY_SPECCUBE_BLENDING, UNITY_ENABLE_DETAIL_NORMALMAP, SHADER_API_DESKTOP, UNITY_LIGHT_PROBE_PROXY_VOLUME, UNITY_LIGHTMAP_RGBM_ENCODING","BaseShaders, Interpolators10, MRT4, Derivatives, SampleLOD, FragCoord, FragClipDepth, Interpolators15Integers, Texture2DArray, Instancing, Compute, RandomWrite, MSAATextureSamples"
"Universal Render Pipeline/Lit","True","D3D","Fragment","ScriptableRenderPipeline","ForwardLit","_MAIN_LIGHT_SHADOWS_CASCADE, _ADDITIONAL_LIGHTS, FOG_EXP2, _NORMALMAP, _ADDITIONAL_LIGHT_SHADOWS, _SHADOWS_SOFT, _METALLICSPECGLOSSMAP, _OCCLUSIONMAP","UNITY_ENABLE_REFLECTION_BUFFERS, UNITY_USE_DITHER_MASK_FOR_ALPHABLENDED_SHADOWS, UNITY_PBS_USE_BRDF1, UNITY_SPECCUBE_BOX_PROJECTION, UNITY_SPECCUBE_BLENDING, UNITY_ENABLE_DETAIL_NORMALMAP, SHADER_API_DESKTOP, UNITY_LIGHT_PROBE_PROXY_VOLUME, UNITY_LIGHTMAP_RGBM_ENCODING","BaseShaders, Interpolators10, MRT4, Derivatives, SampleLOD, FragCoord, FragClipDepth, Interpolators15Integers, Texture2DArray, Instancing, Compute, RandomWrite, MSAATextureSamples"
"Universal Render Pipeline/Lit","True","D3D","Fragment","ScriptableRenderPipeline","ForwardLit","_MAIN_LIGHT_SHADOWS_CASCADE, _ADDITIONAL_LIGHTS, FOG_EXP2, _ADDITIONAL_LIGHT_SHADOWS, _SHADOWS_SOFT, _METALLICSPECGLOSSMAP, _OCCLUSIONMAP","UNITY_ENABLE_REFLECTION_BUFFERS, UNITY_USE_DITHER_MASK_FOR_ALPHABLENDED_SHADOWS, UNITY_PBS_USE_BRDF1, UNITY_SPECCUBE_BOX_PROJECTION, UNITY_SPECCUBE_BLENDING, UNITY_ENABLE_DETAIL_NORMALMAP, SHADER_API_DESKTOP, UNITY_LIGHT_PROBE_PROXY_VOLUME, UNITY_LIGHTMAP_RGBM_ENCODING","BaseShaders, Interpolators10, MRT4, Derivatives, SampleLOD, FragCoord, FragClipDepth, Interpolators15Integers, Texture2DArray, Instancing, Compute, RandomWrite, MSAATextureSamples"
"Universal Render Pipeline/Lit","True","D3D","Fragment","ScriptableRenderPipeline","ForwardLit","_MAIN_LIGHT_SHADOWS_CASCADE, _ADDITIONAL_LIGHTS, FOG_EXP2, _NORMALMAP, _ADDITIONAL_LIGHT_SHADOWS, _SHADOWS_SOFT, _SMOOTHNESS_TEXTURE_ALBEDO_CHANNEL_A","UNITY_ENABLE_REFLECTION_BUFFERS, UNITY_USE_DITHER_MASK_FOR_ALPHABLENDED_SHADOWS, UNITY_PBS_USE_BRDF1, UNITY_SPECCUBE_BOX_PROJECTION, UNITY_SPECCUBE_BLENDING, UNITY_ENABLE_DETAIL_NORMALMAP, SHADER_API_DESKTOP, UNITY_LIGHT_PROBE_PROXY_VOLUME, UNITY_LIGHTMAP_RGBM_ENCODING","BaseShaders, Interpolators10, MRT4, Derivatives, SampleLOD, FragCoord, FragClipDepth, Interpolators15Integers, Texture2DArray, Instancing, Compute, RandomWrite, MSAATextureSamples"
"Universal Render Pipeline/Lit","True","D3D","Fragment","ScriptableRenderPipeline","ForwardLit","_MAIN_LIGHT_SHADOWS_CASCADE, _ADDITIONAL_LIGHTS, FOG_EXP2, _ADDITIONAL_LIGHT_SHADOWS, _SHADOWS_SOFT, _SMOOTHNESS_TEXTURE_ALBEDO_CHANNEL_A","UNITY_ENABLE_REFLECTION_BUFFERS, UNITY_USE_DITHER_MASK_FOR_ALPHABLENDED_SHADOWS, UNITY_PBS_USE_BRDF1, UNITY_SPECCUBE_BOX_PROJECTION, UNITY_SPECCUBE_BLENDING, UNITY_ENABLE_DETAIL_NORMALMAP, SHADER_API_DESKTOP, UNITY_LIGHT_PROBE_PROXY_VOLUME, UNITY_LIGHTMAP_RGBM_ENCODING","BaseShaders, Interpolators10, MRT4, Derivatives, SampleLOD, FragCoord, FragClipDepth, Interpolators15Integers, Texture2DArray, Instancing, Compute, RandomWrite, MSAATextureSamples"
"Universal Render Pipeline/Lit","True","D3D","Fragment","ScriptableRenderPipeline","ForwardLit","_MAIN_LIGHT_SHADOWS_CASCADE, _ADDITIONAL_LIGHTS, FOG_EXP2, _NORMALMAP, _ADDITIONAL_LIGHT_SHADOWS, _SHADOWS_SOFT, _METALLICSPECGLOSSMAP","UNITY_ENABLE_REFLECTION_BUFFERS, UNITY_USE_DITHER_MASK_FOR_ALPHABLENDED_SHADOWS, UNITY_PBS_USE_BRDF1, UNITY_SPECCUBE_BOX_PROJECTION, UNITY_SPECCUBE_BLENDING, UNITY_ENABLE_DETAIL_NORMALMAP, SHADER_API_DESKTOP, UNITY_LIGHT_PROBE_PROXY_VOLUME, UNITY_LIGHTMAP_RGBM_ENCODING","BaseShaders, Interpolators10, MRT4, Derivatives, SampleLOD, FragCoord, FragClipDepth, Interpolators15Integers, Texture2DArray, Instancing, Compute, RandomWrite, MSAATextureSamples"
"Universal Render Pipeline/Lit","True","D3D","Fragment","ScriptableRenderPipeline","ForwardLit","_MAIN_LIGHT_SHADOWS_CASCADE, _ADDITIONAL_LIGHTS, FOG_EXP2, _ADDITIONAL_LIGHT_SHADOWS, _SHADOWS_SOFT, _EMISSION","UNITY_ENABLE_REFLECTION_BUFFERS, UNITY_USE_DITHER_MASK_FOR_ALPHABLENDED_SHADOWS, UNITY_PBS_USE_BRDF1, UNITY_SPECCUBE_BOX_PROJECTION, UNITY_SPECCUBE_BLENDING, UNITY_ENABLE_DETAIL_NORMALMAP, SHADER_API_DESKTOP, UNITY_LIGHT_PROBE_PROXY_VOLUME, UNITY_LIGHTMAP_RGBM_ENCODING","BaseShaders, Interpolators10, MRT4, Derivatives, SampleLOD, FragCoord, FragClipDepth, Interpolators15Integers, Texture2DArray, Instancing, Compute, RandomWrite, MSAATextureSamples"
"Universal Render Pipeline/Lit","True","D3D","Fragment","ScriptableRenderPipeline","ForwardLit","_MAIN_LIGHT_SHADOWS_CASCADE, _ADDITIONAL_LIGHTS, FOG_EXP2, _ADDITIONAL_LIGHT_SHADOWS, _SHADOWS_SOFT, _SURFACE_TYPE_TRANSPARENT, _ALPHAPREMULTIPLY_ON","UNITY_ENABLE_REFLECTION_BUFFERS, UNITY_USE_DITHER_MASK_FOR_ALPHABLENDED_SHADOWS, UNITY_PBS_USE_BRDF1, UNITY_SPECCUBE_BOX_PROJECTION, UNITY_SPECCUBE_BLENDING, UNITY_ENABLE_DETAIL_NORMALMAP, SHADER_API_DESKTOP, UNITY_LIGHT_PROBE_PROXY_VOLUME, UNITY_LIGHTMAP_RGBM_ENCODING","BaseShaders, Interpolators10, MRT4, Derivatives, SampleLOD, FragCoord, FragClipDepth, Interpolators15Integers, Texture2DArray, Instancing, Compute, RandomWrite, MSAATextureSamples"
"Universal Render Pipeline/Lit","True","D3D","Vertex","ShadowCaster","ShadowCaster","<no keywords>","UNITY_ENABLE_REFLECTION_BUFFERS, UNITY_USE_DITHER_MASK_FOR_ALPHABLENDED_SHADOWS, UNITY_PBS_USE_BRDF1, UNITY_SPECCUBE_BOX_PROJECTION, UNITY_SPECCUBE_BLENDING, UNITY_ENABLE_DETAIL_NORMALMAP, SHADER_API_DESKTOP, UNITY_LIGHT_PROBE_PROXY_VOLUME, UNITY_LIGHTMAP_RGBM_ENCODING","BaseShaders, Interpolators10, MRT4, Derivatives, SampleLOD, FragCoord, FragClipDepth, Interpolators15Integers, Texture2DArray, Instancing, Compute, RandomWrite, MSAATextureSamples"
"Universal Render Pipeline/Lit","True","D3D","Vertex","ShadowCaster","ShadowCaster","_CASTING_PUNCTUAL_LIGHT_SHADOW","UNITY_ENABLE_REFLECTION_BUFFERS, UNITY_USE_DITHER_MASK_FOR_ALPHABLENDED_SHADOWS, UNITY_PBS_USE_BRDF1, UNITY_SPECCUBE_BOX_PROJECTION, UNITY_SPECCUBE_BLENDING, UNITY_ENABLE_DETAIL_NORMALMAP, SHADER_API_DESKTOP, UNITY_LIGHT_PROBE_PROXY_VOLUME, UNITY_LIGHTMAP_RGBM_ENCODING","BaseShaders, Interpolators10, MRT4, Derivatives, SampleLOD, FragCoord, FragClipDepth, Interpolators15Integers, Texture2DArray, Instancing, Compute, RandomWrite, MSAATextureSamples"
"Universal Render Pipeline/Lit","True","D3D","Fragment","ShadowCaster","ShadowCaster","<no keywords>","UNITY_ENABLE_REFLECTION_BUFFERS, UNITY_USE_DITHER_MASK_FOR_ALPHABLENDED_SHADOWS, UNITY_PBS_USE_BRDF1, UNITY_SPECCUBE_BOX_PROJECTION, UNITY_SPECCUBE_BLENDING, UNITY_ENABLE_DETAIL_NORMALMAP, SHADER_API_DESKTOP, UNITY_LIGHT_PROBE_PROXY_VOLUME, UNITY_LIGHTMAP_RGBM_ENCODING","BaseShaders, Interpolators10, MRT4, Derivatives, SampleLOD, FragCoord, FragClipDepth, Interpolators15Integers, Texture2DArray, Instancing, Compute, RandomWrite, MSAATextureSamples"
"Universal Render Pipeline/Lit","True","D3D","Fragment","ShadowCaster","ShadowCaster","_SMOOTHNESS_TEXTURE_ALBEDO_CHANNEL_A","UNITY_ENABLE_REFLECTION_BUFFERS, UNITY_USE_DITHER_MASK_FOR_ALPHABLENDED_SHADOWS, UNITY_PBS_USE_BRDF1, UNITY_SPECCUBE_BOX_PROJECTION, UNITY_SPECCUBE_BLENDING, UNITY_ENABLE_DETAIL_NORMALMAP, SHADER_API_DESKTOP, UNITY_LIGHT_PROBE_PROXY_VOLUME, UNITY_LIGHTMAP_RGBM_ENCODING","BaseShaders, Interpolators10, MRT4, Derivatives, SampleLOD, FragCoord, FragClipDepth, Interpolators15Integers, Texture2DArray, Instancing, Compute, RandomWrite, MSAATextureSamples"
"Universal Render Pipeline/Lit","True","D3D","Vertex","ScriptableRenderPipeline","ForwardLit","_MAIN_LIGHT_SHADOWS_CASCADE, _ADDITIONAL_LIGHTS, LIGHTMAP_ON, FOG_EXP2, _NORMALMAP","UNITY_ENABLE_REFLECTION_BUFFERS, UNITY_USE_DITHER_MASK_FOR_ALPHABLENDED_SHADOWS, UNITY_PBS_USE_BRDF1, UNITY_SPECCUBE_BOX_PROJECTION, UNITY_SPECCUBE_BLENDING, UNITY_ENABLE_DETAIL_NORMALMAP, SHADER_API_DESKTOP, UNITY_LIGHT_PROBE_PROXY_VOLUME, UNITY_LIGHTMAP_RGBM_ENCODING","BaseShaders"
"Universal Render Pipeline/Lit","True","D3D","Vertex","ScriptableRenderPipeline","ForwardLit","_MAIN_LIGHT_SHADOWS_CASCADE, _ADDITIONAL_LIGHTS, FOG_EXP2, _NORMALMAP","UNITY_ENABLE_REFLECTION_BUFFERS, UNITY_USE_DITHER_MASK_FOR_ALPHABLENDED_SHADOWS, UNITY_PBS_USE_BRDF1, UNITY_SPECCUBE_BOX_PROJECTION, UNITY_SPECCUBE_BLENDING, UNITY_ENABLE_DETAIL_NORMALMAP, SHADER_API_DESKTOP, UNITY_LIGHT_PROBE_PROXY_VOLUME, UNITY_LIGHTMAP_RGBM_ENCODING","BaseShaders"
"Universal Render Pipeline/Lit","True","D3D","Vertex","ScriptableRenderPipeline","ForwardLit","_MAIN_LIGHT_SHADOWS_CASCADE, _ADDITIONAL_LIGHTS, FOG_EXP2","UNITY_ENABLE_REFLECTION_BUFFERS, UNITY_USE_DITHER_MASK_FOR_ALPHABLENDED_SHADOWS, UNITY_PBS_USE_BRDF1, UNITY_SPECCUBE_BOX_PROJECTION, UNITY_SPECCUBE_BLENDING, UNITY_ENABLE_DETAIL_NORMALMAP, SHADER_API_DESKTOP, UNITY_LIGHT_PROBE_PROXY_VOLUME, UNITY_LIGHTMAP_RGBM_ENCODING","BaseShaders"
"Universal Render Pipeline/Lit","True","D3D","Fragment","ScriptableRenderPipeline","ForwardLit","_MAIN_LIGHT_SHADOWS_CASCADE, _ADDITIONAL_LIGHTS, LIGHTMAP_ON, FOG_EXP2, _NORMALMAP, _ADDITIONAL_LIGHT_SHADOWS, _SHADOWS_SOFT, _METALLICSPECGLOSSMAP, _OCCLUSIONMAP","UNITY_ENABLE_REFLECTION_BUFFERS, UNITY_USE_DITHER_MASK_FOR_ALPHABLENDED_SHADOWS, UNITY_PBS_USE_BRDF1, UNITY_SPECCUBE_BOX_PROJECTION, UNITY_SPECCUBE_BLENDING, UNITY_ENABLE_DETAIL_NORMALMAP, SHADER_API_DESKTOP, UNITY_LIGHT_PROBE_PROXY_VOLUME, UNITY_LIGHTMAP_RGBM_ENCODING","BaseShaders"
"Universal Render Pipeline/Lit","True","D3D","Fragment","ScriptableRenderPipeline","ForwardLit","_MAIN_LIGHT_SHADOWS_CASCADE, _ADDITIONAL_LIGHTS, LIGHTMAP_ON, FOG_EXP2, _NORMALMAP, _ADDITIONAL_LIGHT_SHADOWS, _SHADOWS_SOFT, _SMOOTHNESS_TEXTURE_ALBEDO_CHANNEL_A","UNITY_ENABLE_REFLECTION_BUFFERS, UNITY_USE_DITHER_MASK_FOR_ALPHABLENDED_SHADOWS, UNITY_PBS_USE_BRDF1, UNITY_SPECCUBE_BOX_PROJECTION, UNITY_SPECCUBE_BLENDING, UNITY_ENABLE_DETAIL_NORMALMAP, SHADER_API_DESKTOP, UNITY_LIGHT_PROBE_PROXY_VOLUME, UNITY_LIGHTMAP_RGBM_ENCODING","BaseShaders"
"Universal Render Pipeline/Lit","True","D3D","Fragment","ScriptableRenderPipeline","ForwardLit","_MAIN_LIGHT_SHADOWS_CASCADE, _ADDITIONAL_LIGHTS, LIGHTMAP_ON, FOG_EXP2, _NORMALMAP, _ADDITIONAL_LIGHT_SHADOWS, _SHADOWS_SOFT, _METALLICSPECGLOSSMAP","UNITY_ENABLE_REFLECTION_BUFFERS, UNITY_USE_DITHER_MASK_FOR_ALPHABLENDED_SHADOWS, UNITY_PBS_USE_BRDF1, UNITY_SPECCUBE_BOX_PROJECTION, UNITY_SPECCUBE_BLENDING, UNITY_ENABLE_DETAIL_NORMALMAP, SHADER_API_DESKTOP, UNITY_LIGHT_PROBE_PROXY_VOLUME, UNITY_LIGHTMAP_RGBM_ENCODING","BaseShaders"
"Universal Render Pipeline/Lit","True","D3D","Fragment","ScriptableRenderPipeline","ForwardLit","_MAIN_LIGHT_SHADOWS_CASCADE, _ADDITIONAL_LIGHTS, FOG_EXP2, _NORMALMAP, _ADDITIONAL_LIGHT_SHADOWS, _SHADOWS_SOFT, _METALLICSPECGLOSSMAP, _OCCLUSIONMAP","UNITY_ENABLE_REFLECTION_BUFFERS, UNITY_USE_DITHER_MASK_FOR_ALPHABLENDED_SHADOWS, UNITY_PBS_USE_BRDF1, UNITY_SPECCUBE_BOX_PROJECTION, UNITY_SPECCUBE_BLENDING, UNITY_ENABLE_DETAIL_NORMALMAP, SHADER_API_DESKTOP, UNITY_LIGHT_PROBE_PROXY_VOLUME, UNITY_LIGHTMAP_RGBM_ENCODING","BaseShaders"
"Universal Render Pipeline/Lit","True","D3D","Fragment","ScriptableRenderPipeline","ForwardLit","_MAIN_LIGHT_SHADOWS_CASCADE, _ADDITIONAL_LIGHTS, FOG_EXP2, _ADDITIONAL_LIGHT_SHADOWS, _SHADOWS_SOFT, _METALLICSPECGLOSSMAP, _OCCLUSIONMAP","UNITY_ENABLE_REFLECTION_BUFFERS, UNITY_USE_DITHER_MASK_FOR_ALPHABLENDED_SHADOWS, UNITY_PBS_USE_BRDF1, UNITY_SPECCUBE_BOX_PROJECTION, UNITY_SPECCUBE_BLENDING, UNITY_ENABLE_DETAIL_NORMALMAP, SHADER_API_DESKTOP, UNITY_LIGHT_PROBE_PROXY_VOLUME, UNITY_LIGHTMAP_RGBM_ENCODING","BaseShaders"
"Universal Render Pipeline/Lit","True","D3D","Fragment","ScriptableRenderPipeline","ForwardLit","_MAIN_LIGHT_SHADOWS_CASCADE, _ADDITIONAL_LIGHTS, FOG_EXP2, _NORMALMAP, _ADDITIONAL_LIGHT_SHADOWS, _SHADOWS_SOFT, _SMOOTHNESS_TEXTURE_ALBEDO_CHANNEL_A","UNITY_ENABLE_REFLECTION_BUFFERS, UNITY_USE_DITHER_MASK_FOR_ALPHABLENDED_SHADOWS, UNITY_PBS_USE_BRDF1, UNITY_SPECCUBE_BOX_PROJECTION, UNITY_SPECCUBE_BLENDING, UNITY_ENABLE_DETAIL_NORMALMAP, SHADER_API_DESKTOP, UNITY_LIGHT_PROBE_PROXY_VOLUME, UNITY_LIGHTMAP_RGBM_ENCODING","BaseShaders"
"Universal Render Pipeline/Lit","True","D3D","Fragment","ScriptableRenderPipeline","ForwardLit","_MAIN_LIGHT_SHADOWS_CASCADE, _ADDITIONAL_LIGHTS, FOG_EXP2, _ADDITIONAL_LIGHT_SHADOWS, _SHADOWS_SOFT, _SMOOTHNESS_TEXTURE_ALBEDO_CHANNEL_A","UNITY_ENABLE_REFLECTION_BUFFERS, UNITY_USE_DITHER_MASK_FOR_ALPHABLENDED_SHADOWS, UNITY_PBS_USE_BRDF1, UNITY_SPECCUBE_BOX_PROJECTION, UNITY_SPECCUBE_BLENDING, UNITY_ENABLE_DETAIL_NORMALMAP, SHADER_API_DESKTOP, UNITY_LIGHT_PROBE_PROXY_VOLUME, UNITY_LIGHTMAP_RGBM_ENCODING","BaseShaders"
"Universal Render Pipeline/Lit","True","D3D","Fragment","ScriptableRenderPipeline","ForwardLit","_MAIN_LIGHT_SHADOWS_CASCADE, _ADDITIONAL_LIGHTS, FOG_EXP2, _NORMALMAP, _ADDITIONAL_LIGHT_SHADOWS, _SHADOWS_SOFT, _METALLICSPECGLOSSMAP","UNITY_ENABLE_REFLECTION_BUFFERS, UNITY_USE_DITHER_MASK_FOR_ALPHABLENDED_SHADOWS, UNITY_PBS_USE_BRDF1, UNITY_SPECCUBE_BOX_PROJECTION, UNITY_SPECCUBE_BLENDING, UNITY_ENABLE_DETAIL_NORMALMAP, SHADER_API_DESKTOP, UNITY_LIGHT_PROBE_PROXY_VOLUME, UNITY_LIGHTMAP_RGBM_ENCODING","BaseShaders"
"Universal Render Pipeline/Lit","True","D3D","Fragment","ScriptableRenderPipeline","ForwardLit","_MAIN_LIGHT_SHADOWS_CASCADE, _ADDITIONAL_LIGHTS, FOG_EXP2, _ADDITIONAL_LIGHT_SHADOWS, _SHADOWS_SOFT, _EMISSION","UNITY_ENABLE_REFLECTION_BUFFERS, UNITY_USE_DITHER_MASK_FOR_ALPHABLENDED_SHADOWS, UNITY_PBS_USE_BRDF1, UNITY_SPECCUBE_BOX_PROJECTION, UNITY_SPECCUBE_BLENDING, UNITY_ENABLE_DETAIL_NORMALMAP, SHADER_API_DESKTOP, UNITY_LIGHT_PROBE_PROXY_VOLUME, UNITY_LIGHTMAP_RGBM_ENCODING","BaseShaders"
"Universal Render Pipeline/Lit","True","D3D","Fragment","ScriptableRenderPipeline","ForwardLit","_MAIN_LIGHT_SHADOWS_CASCADE, _ADDITIONAL_LIGHTS, FOG_EXP2, _ADDITIONAL_LIGHT_SHADOWS, _SHADOWS_SOFT, _SURFACE_TYPE_TRANSPARENT, _ALPHAPREMULTIPLY_ON","UNITY_ENABLE_REFLECTION_BUFFERS, UNITY_USE_DITHER_MASK_FOR_ALPHABLENDED_SHADOWS, UNITY_PBS_USE_BRDF1, UNITY_SPECCUBE_BOX_PROJECTION, UNITY_SPECCUBE_BLENDING, UNITY_ENABLE_DETAIL_NORMALMAP, SHADER_API_DESKTOP, UNITY_LIGHT_PROBE_PROXY_VOLUME, UNITY_LIGHTMAP_RGBM_ENCODING","BaseShaders"
"Universal Render Pipeline/Lit","True","D3D","Vertex","ShadowCaster","ShadowCaster","<no keywords>","UNITY_ENABLE_REFLECTION_BUFFERS, UNITY_USE_DITHER_MASK_FOR_ALPHABLENDED_SHADOWS, UNITY_PBS_USE_BRDF1, UNITY_SPECCUBE_BOX_PROJECTION, UNITY_SPECCUBE_BLENDING, UNITY_ENABLE_DETAIL_NORMALMAP, SHADER_API_DESKTOP, UNITY_LIGHT_PROBE_PROXY_VOLUME, UNITY_LIGHTMAP_RGBM_ENCODING","BaseShaders"
"Universal Render Pipeline/Lit","True","D3D","Vertex","ShadowCaster","ShadowCaster","_CASTING_PUNCTUAL_LIGHT_SHADOW","UNITY_ENABLE_REFLECTION_BUFFERS, UNITY_USE_DITHER_MASK_FOR_ALPHABLENDED_SHADOWS, UNITY_PBS_USE_BRDF1, UNITY_SPECCUBE_BOX_PROJECTION, UNITY_SPECCUBE_BLENDING, UNITY_ENABLE_DETAIL_NORMALMAP, SHADER_API_DESKTOP, UNITY_LIGHT_PROBE_PROXY_VOLUME, UNITY_LIGHTMAP_RGBM_ENCODING","BaseShaders"
"Universal Render Pipeline/Lit","True","D3D","Fragment","ShadowCaster","ShadowCaster","<no keywords>","UNITY_ENABLE_REFLECTION_BUFFERS, UNITY_USE_DITHER_MASK_FOR_ALPHABLENDED_SHADOWS, UNITY_PBS_USE_BRDF1, UNITY_SPECCUBE_BOX_PROJECTION, UNITY_SPECCUBE_BLENDING, UNITY_ENABLE_DETAIL_NORMALMAP, SHADER_API_DESKTOP, UNITY_LIGHT_PROBE_PROXY_VOLUME, UNITY_LIGHTMAP_RGBM_ENCODING","BaseShaders"
"Universal Render Pipeline/Lit","True","D3D","Fragment","ShadowCaster","ShadowCaster","_SMOOTHNESS_TEXTURE_ALBEDO_CHANNEL_A","UNITY_ENABLE_REFLECTION_BUFFERS, UNITY_USE_DITHER_MASK_FOR_ALPHABLENDED_SHADOWS, UNITY_PBS_USE_BRDF1, UNITY_SPECCUBE_BOX_PROJECTION, UNITY_SPECCUBE_BLENDING, UNITY_ENABLE_DETAIL_NORMALMAP, SHADER_API_DESKTOP, UNITY_LIGHT_PROBE_PROXY_VOLUME, UNITY_LIGHTMAP_RGBM_ENCODING","BaseShaders"
